,debye_temp,bulk_modulus,Density,debye_temp_pred,bulk_modulus_pred,,Mechanical stability
POSCAR-1685-Zn1Al6,375.0880297001508,65.90145646432336,3.02773475412694,381.5807174560826,95.0583261650339,,Stable
POSCAR-424-Zn3Al5,378.87011055944464,74.7839408628679,4.264023359665904,401.6512900283153,85.76061529877093,,Stable
POSCAR-453-Zn1Al2,400.838588009288,73.93246134679848,4.05336687568603,402.24740895973684,85.2014710260872,,Stable
POSCAR-230-Zn1Al5,498.5296108026625,76.17516751362493,3.392722307578361,420.27576265893157,82.84903296076683,,Stable
POSCAR-1140-Mg1Al3,417.1951806468424,56.86652185626074,2.411712030268538,422.8106181821888,76.07006545832056,,Stable
POSCAR-438-Mg4Zn1Al3,418.3196028973794,51.73094135957539,2.6410798524018224,429.4908402725269,70.21045047499226,,Stable
POSCAR-123-Mg1Al7,445.41092186352313,70.6196647496511,2.579363844869709,432.4462408352301,69.48702559436558,,Stable
