,debye_temp,bulk_modulus,Density,debye_temp_pred,bulk_modulus_pred,,Mechanical stability
POSCAR-599-Mg1Zn4Al4,264.5671000163184,67.74018786955527,4.389123742625991,259.37415831749996,73.58029531774005,,Stable
POSCAR-1051-Mg1Zn2Al2,259.5040824639312,50.850842709474335,4.049717516613424,261.97574275154653,65.34976811411786,,Stable
POSCAR-879-Mg2Zn3Al3,268.0484931107451,59.985998970786525,3.8830820136809807,299.25457320416075,64.09876036425442,,Stable
POSCAR-560-Zn1Al3,409.4676608200018,74.8458888521693,3.725860131889022,317.4883678342768,62.26808744204152,,Stable
POSCAR-232-Zn3Al3,374.4282364541463,76.91527502794199,4.847105648197656,333.60413229136964,61.78595089108674,,Stable
POSCAR-225-Mg4Zn1Al3,395.761095507884,52.86676231312387,2.6600571141960745,346.2612797959682,49.98744143511224,,Stable
POSCAR-47-Mg2Al2,451.2513356691461,54.72151237186894,2.2101958933112096,349.1353046954838,48.61479993527408,,Stable
POSCAR-19-Mg2Al2,316.4806150682396,50.47688193612788,2.208833787516828,350.0546235474547,48.5244042664894,,Stable
POSCAR-56-Mg2Al2,455.21693090980295,53.90159212199024,2.2051337658858814,354.1481912790515,48.32807617262185,,Stable
